"","seed","LL","message","b_w","mu_x","sigma_beta","b_cost","mu_alpha","sigma_alpha","rho","scale_RP","scale_SP","b_w_se","mu_x_se","sigma_beta_se","b_cost_se","mu_alpha_se","sigma_alpha_se","rho_se","scale_RP_se","scale_SP_se","maxEigen","uncorrected_wtp","uncorrected_wtp_se","fullsample_wtp","fullsample_wtp_se","adhoc_wtp","adhoc_wtp_se"
"1",1628781425.16347,-1502.19500729976,1,1.6422946486924,1.93845465467717,0.944477081387477,-1,-0.0857726632560796,1.28154303768889,0.999999836990703,1,1.85924382614506,NA,NA,NA,NA,NA,NA,NA,NA,NA,NA,2.14754364875556,0.0986540158345939,2.03187810966141,0.0559630422353856,2.10685288145452,0.105676608214245
"2",1628781706.07729,-1436.83447842234,1,1.59986137861178,1.93118401580634,0.750984366708637,-1,-0.00298225634217338,1.18915740912528,0.999999629073827,1,2.29581889865666,NA,NA,NA,NA,NA,NA,NA,NA,NA,NA,2.19623790539279,0.0960366427867552,2.06877490381282,0.0581402894195077,2.21770631018284,0.0953680864535848
"3",1628782053.61527,-1466.70932575143,1,1.59978581197227,2.25040809483142,1.00305623030898,-1,0.0178850087310409,1.31444406592588,0.996237279133812,1,2.07816433254648,0.240756219957305,0.162995695222434,0.11169597059736,NA,0.0238685374813409,0.497142709935968,0.00574219664239506,NA,0.189724816711319,-2.979151,2.2375447320237,0.0993371005491317,2.07410280240612,0.0586230513741663,2.20081285886794,0.112829996577551
"4",1628782407.63742,-1477.07070777138,1,9.57010865587185,1.94067344672168,1.00985906897064,-1,0.783528405743416,11.7783662405087,0.824262366806029,1,1.98471816286418,3.34389900139564,0.137603361006737,0.117638768563545,NA,0.478454395941372,3.9538620906883,0.0861580654389759,NA,0.166569415016838,-0.000704,2.04823489726012,0.0874216173059247,1.97501616645775,0.0524374175980491,2.10536175700238,0.0961158798369415
"5",1628782951.24411,-1445.11345412723,1,1.7054073576983,1.98490980166521,0.96395300152056,-1,-0.0165712583277071,1.37255753033352,0.999999614373184,1,2.05853853290396,NA,NA,NA,NA,NA,NA,NA,NA,NA,NA,2.22971438259432,0.101177351008982,2.06308561620831,0.0568453554081359,2.12733393254673,0.107920466620385
"6",1628783307.68997,-1487.58746340628,1,2.09317767460911,2.00404695755463,0.922369517903748,-1,-0.21288199204566,1.86394538262632,0.878633591173506,1,1.97098681005611,0.358805466257905,0.123377627660248,0.100915276244219,NA,0.0856747622791787,0.566083395052117,0.0993443588506081,NA,0.1725172786471,-0.805875,2.0765691875629,0.0904077749206237,1.97297854434283,0.0517596428174315,2.01605874990992,0.0889384982408362
"7",1628783578.46704,-1507.27391048339,1,1.56757039755353,2.00403194435781,0.993311791542254,-1,-0.0569075013492924,1.31054010292038,0.999999804854283,1,2.00834499172366,NA,NA,NA,NA,NA,NA,NA,NA,NA,NA,2.07324383875381,0.0876852132271996,1.95613644485267,0.0506209871440665,2.11608617389347,0.0971246038880066
"8",1628783882.22036,-1502.04566448275,1,1.55188051976919,2.03088286478186,0.936816447362519,-1,-0.0177443853886623,1.33817284533195,0.999999752466735,1,2.07966511160183,NA,NA,NA,NA,NA,NA,NA,NA,NA,NA,2.16827610295073,0.09742346498237,1.98649413849885,0.0555347941570405,2.11805733970681,0.0898008655299507
"9",1628784195.77751,-1482.42322467713,1,9.06524844004594,2.02680805027966,1.04903752047968,-1,0.275736292343164,11.5555990412464,0.843711994093571,1,1.89907330797712,3.36908048759885,0.118857776080235,0.124250539253705,NA,0.398473556991843,4.37487302457227,0.0729814345358162,NA,0.166374176143661,-0.0011,2.20099364676567,0.100269646049769,1.9858167085024,0.0546930666912805,2.20401937622583,0.109684230077878
"10",1628784725.93104,-1460.97730523868,1,1.93555674595055,2.07327407023214,0.950664032173994,-1,0.0210171364426967,1.61883971199301,0.879402920538606,1,2.26653794498695,0.35436721200019,0.153840885656664,0.109088454663922,NA,0.0736534555804236,0.607895409101704,0.0938405832815885,NA,0.208419806658959,-1.008046,2.04185943869813,0.0898732434041099,1.91197524269005,0.0488034139796622,2.00651111960082,0.102264620527197
"11",1628785030.81422,-1464.69280608709,1,10.3691116264948,2.11130760324752,0.953995128062878,-1,0.32967757999292,13.5165086080784,0.765609797427575,1,2.14238767419631,6.98199731747603,0.12941663440389,0.107104647160617,NA,0.362508501712767,9.49475680392757,0.0801812582363457,NA,0.202497009663182,-0.000361,2.26252839992535,0.099512135497617,1.96903932790799,0.0511831964285415,2.17900797644376,0.100822874613611
"12",1628785498.44989,-1487.2024186438,1,1.5778841696839,2.04403596381056,0.931134217461514,-1,0.10262127950555,1.31401993441972,0.999999824951855,1,2.13110345266076,NA,NA,NA,NA,NA,NA,NA,NA,NA,NA,2.09087004002299,0.0868290632558729,1.99656985360955,0.0534557008495901,2.07395071599629,0.0927635966998847
"13",1628785796.1601,-1475.2946454361,1,1.85003866465873,2.11633948584735,0.777184958939702,-1,0.0283330716004731,1.74681043904259,0.995015116165477,1,1.7972709327616,0.558261105315366,0.164352361590061,0.12364611356986,NA,0.0489768043292587,1.02453697773635,0.016749229844858,NA,0.160667277175347,-0.802607,2.22688142579019,0.104425878718758,2.03874240537974,0.0573784121803214,2.25046744318387,0.107447807853464
"14",1628786192.78979,-1435.47206130773,1,1.62428811255163,2.17843601671074,1.04934775350065,-1,-0.0683434396480002,1.29303732023075,0.999999557771868,1,2.22541775432634,NA,NA,NA,NA,NA,NA,NA,NA,NA,NA,2.33736615999978,0.109191553113022,2.03199024495769,0.0551321807122871,2.21489158039216,0.105818975414271
"15",1628786527.38135,-1529.86301714249,1,1.52191464770013,2.00273424052531,1.18115719631171,-1,0.0364475652223298,1.33662668437435,0.999999703219711,1,2.03381463768159,NA,NA,NA,NA,NA,NA,NA,NA,NA,NA,2.24602079405811,0.10730757262501,2.10677372907437,0.0598195822560747,2.18190569972182,0.107671411172388
"16",1628786867.52715,-1495.59126874868,1,1.55603648476862,1.92757911869965,0.859309788904901,-1,-0.0370548305026215,1.3053352348137,0.999999559252247,1,2.15628008896002,NA,NA,NA,NA,NA,NA,NA,NA,NA,NA,2.00389528492739,0.0800836388052407,1.91460413800935,0.0475918496062665,1.95746846827461,0.0896950643023703
"17",1628787146.8549,-1431.49982237599,1,2.31854953594914,2.21579668681947,0.974559712216622,-1,-0.0544569086200106,2.32819887510565,0.816403906173399,1,2.11887217206667,0.599312323328161,0.158343960961012,0.117114367200116,NA,0.0900034774873015,0.921343651354003,0.0892365080045551,NA,0.205409510513511,-0.40181,2.2608802790941,0.104411195676406,1.99242471920083,0.0549156682243881,2.20586653268446,0.107003159344353
"18",1628787503.8212,-1466.06826630417,1,5.78002164706126,1.80563296002903,1.14775521859039,-1,-0.0927082592378656,7.12132076897181,0.961661894436765,1,1.93042724991623,4.37058351032241,0.129994114263571,0.135500440782707,NA,0.109934292828422,5.74171216707038,0.063343320525791,NA,0.173210276226411,0.004662,2.09192098431,0.0921718471682863,2.05168594358709,0.0584126614081503,2.15907000621633,0.108835716304867
"19",1628788036.56399,-1575.03216705489,1,1.54908181099539,1.94332865120438,1.01731647301502,-1,0.014276310914854,1.31164005246811,0.999999559724787,1,1.71367062342448,NA,NA,NA,NA,NA,NA,NA,NA,NA,NA,2.32121928402097,0.113860309734078,2.13986365812985,0.0618343207655701,2.23876698062411,0.109793417913884
"20",1628788353.05982,-1515.61733292316,1,2.1468958928373,2.17310017819123,1.25377376651468,-1,0.085990013232231,2.31579060081039,0.995788859032026,1,1.90594634782606,0.410550703864283,0.154233212105932,0.152553454218947,NA,0.0775372169066491,0.678496384463867,0.00632399196625837,NA,0.174425767989319,-1.442264,2.33789685664378,0.108623313961475,2.05866904317143,0.0538312356305697,2.31098174941141,0.129470754577652
"21",1628788744.48467,-1464.94818464914,1,4.63276626133029,2.0735624479094,1.04739026331419,-1,-0.097698572904649,5.5824369807657,0.722396483446823,1,2.15680811328428,0.901303628972287,0.137572287338873,0.118624964605076,NA,0.18157166566433,1.1230091916071,0.10914650680528,NA,0.212991439057679,-0.008816,2.1806221196683,0.0978910535321581,2.03041367012788,0.0546020577207327,2.13415741692533,0.105215391323747
"22",1628789127.68346,-1496.68300556111,1,1.66327801822415,2.07373510295091,0.994575952122774,-1,-0.00543896431811186,1.31777529351701,0.999999523054933,1,2.05863640806814,NA,NA,NA,NA,NA,NA,NA,NA,NA,NA,2.10784165995305,0.0937742419199426,1.95004001856265,0.0509867703993925,2.09434349860102,0.10365670293288
"23",1628789408.38293,-1519.7338163623,1,3.1960996887022,1.94004121333675,1.17883070127957,-1,-0.0121747083933921,4.09631033368643,0.992891585527961,1,1.7354978933166,1.01707682765028,0.128624890580593,0.135255704522891,NA,0.00545617157210841,1.54357757337947,0.0201946049234431,NA,0.147623779198164,1536.172722,2.29015322691133,0.103666252143318,1.96430357384243,0.0507016665083024,2.2191901558857,0.108412255746541
"24",1628789829.30313,-1492.05426256831,1,1.62225576684835,1.94006464302517,0.929730339710375,-1,0.0244713451381767,1.3023672812261,0.999999554394288,1,2.05534742049173,NA,NA,NA,NA,NA,NA,NA,NA,NA,NA,2.14638160562585,0.0893982997420467,1.92437456083638,0.0509051388455386,2.06162677253309,0.0955952271844134
"25",1628790185.39796,-1478.73752410731,1,2.91090472690455,1.96832949620128,0.917896372013816,-1,0.0587675473103018,3.32504600126106,0.999999263969535,1,1.77894391939938,NA,NA,NA,NA,NA,NA,NA,NA,NA,NA,2.19367579057543,0.0973628548692841,2.01482379193749,0.0585131046829986,2.07891388298963,0.102062825025479
"26",1628790650.78847,-1465.99479098878,1,1.62724818965198,2.11145070960277,1.00095924441544,-1,-0.0128852037242541,1.30488004255595,0.999999708188843,1,2.06560915637221,NA,NA,NA,NA,NA,NA,NA,NA,NA,NA,2.12179945176619,0.096440942708095,1.96978169084933,0.056010189357217,2.07341384923264,0.100775283587088
"27",1628790950.0213,-1491.23561381298,1,1.88430542021656,2.09306043076481,1.05727851494451,-1,-0.0194595835574977,1.91964997482871,0.99999102984422,1,2.10627215704027,NA,NA,NA,NA,NA,NA,NA,NA,NA,6.673153,2.21823829430263,0.100294384904511,2.0659018959708,0.0567033038196552,2.20062856960541,0.0943773063473767
"28",1628791405.72173,-1493.23379778309,1,1.58802814881445,2.02731161533455,0.991439230078215,-1,0.0157883108129449,1.31136509986778,0.999999528830296,1,2.11245525891325,NA,NA,NA,NA,NA,NA,NA,NA,NA,NA,2.09691852331603,0.0911258296652851,2.01016546716021,0.0533409087856584,2.06873515117126,0.0934905677270981
"29",1628791755.61328,-1478.8439236254,1,1.6303374403874,2.0170439616625,0.995119519882101,-1,-0.00234822362238118,1.26618733475887,0.999999675013356,1,2.04304598387972,NA,NA,NA,NA,NA,NA,NA,NA,NA,NA,2.18078030387775,0.101530951129664,1.96532837145208,0.0506598190082284,2.12429277674935,0.105011225483455
"30",1628792105.09022,-1478.14298267631,1,1.63571519693469,2.0498544701054,0.989041591174872,-1,0.0645961974908593,1.29347948728477,0.999999885326289,1,2.04260816508438,NA,NA,NA,NA,NA,NA,NA,NA,NA,NA,2.29618945858456,0.100741488479466,2.01285076062367,0.0542467034449238,2.26971065652564,0.111799796716778
"31",1628792354.90653,-1516.23729385013,1,1.60656374895937,2.09435322515772,1.22021034937617,-1,0.0533291604869061,1.27173894570741,0.999999753617316,1,2.01889740578263,NA,NA,NA,NA,NA,NA,NA,NA,NA,NA,2.31991017613992,0.105252784091194,1.95891831674507,0.0483350229556666,2.22388844737612,0.100839059626198
"32",1628792674.81931,-1509.3835045443,1,2.42816523977507,1.8044545401649,0.967579148654822,-1,-0.254236206775089,2.90060957938788,0.988505938614293,1,1.95805363138463,0.639268314222035,0.110979640410301,0.11880070126643,NA,0.123685296833117,1.03161778089504,0.0233923747979595,NA,0.197160535594953,-0.337195,2.11516154483643,0.0951520726799745,1.97390265124094,0.0536710911879339,2.0227460621278,0.0903727199705341
"33",1628793092.18094,-1434.24796648064,1,1.67932488777771,2.01500877591251,0.884981552772333,-1,-0.00177213755606937,1.27018481954573,0.999999976191219,1,2.2124670961218,NA,NA,NA,NA,NA,NA,NA,NA,NA,NA,2.03523565062699,0.0835991881631899,2.007250216524,0.0539053662778083,2.07407558595983,0.0994204148645707
"34",1628793447.95937,-1505.89976863605,1,2.47659273621531,1.68331621698133,0.969907128531085,-1,0.0673534276949653,2.95951619847753,0.995784820174211,1,2.43196274970743,0.492817453704706,0.0991069320768101,0.109593928131566,NA,0.101691860382652,0.791103505593229,0.0181161160275429,NA,0.216278358505144,-0.569382,1.91165716249309,0.07569385316368,2.01622849170041,0.0564592803957771,1.90610899049889,0.075206092643297
"35",1628793836.07491,-1495.63888131343,1,1.62555960702018,1.96384207835895,0.99427716292644,-1,-0.000276997650603892,1.24868552789175,0.999999742705035,1,1.87385566775687,NA,NA,NA,NA,NA,NA,NA,NA,NA,NA,2.19934458755412,0.102265329891895,2.00410673718475,0.0542807568489492,2.16530488111187,0.0942911575974038
"36",1628794160.51459,-1479.12241753241,1,1.66948419253637,2.08126831742427,0.934203318075207,-1,0.0172912819235192,1.29096933741199,0.99999982648632,1,2.07223980964004,NA,NA,NA,NA,NA,NA,NA,NA,NA,NA,2.13057968834168,0.0956351334082389,1.98417212072855,0.052530723454612,2.06875111688578,0.10230700145225
"37",1628794465.26435,-1521.93988836995,1,1.57528337126745,2.10172810980447,1.07298122166657,-1,0.0147218733426646,1.35081755398785,0.999999670178095,1,2.08951312767624,NA,NA,NA,NA,NA,NA,NA,NA,NA,NA,2.1213066771359,0.0993875291223551,1.9487569097316,0.0529350655453141,2.13137053820928,0.101339853873767
"38",1628794788.85144,-1523.09381755394,1,1.57232318184254,1.99459574491595,1.10547600333878,-1,0.052862228611191,1.34424626256542,0.999999699203355,1,2.01652050755148,NA,NA,NA,NA,NA,NA,NA,NA,NA,NA,2.21039538147718,0.101057685476261,2.01773061707636,0.0563845658368391,2.18673738642384,0.100026901320657
"39",1628795147.87073,-1545.69713103799,1,1.4900554384768,1.93717177537685,1.22749182432476,-1,0.0135563796509108,1.35117468897026,0.999999623610384,1,1.93868309778906,NA,NA,NA,NA,NA,NA,NA,NA,NA,NA,2.09994731508844,0.102430066951524,2.04228378907343,0.0609460894264741,2.10728417658341,0.100938946268595
"40",1628795515.99424,-1474.6245351339,1,1.64378352439981,1.93510871723732,0.958988656318598,-1,-0.0895981349687674,1.26747968780546,0.999999624881551,1,1.92406897556332,NA,NA,NA,NA,NA,NA,NA,NA,NA,NA,2.08550659075249,0.0951721208410957,1.99286325134891,0.0571613436343203,2.1077696752753,0.109931624472212
"41",1628795815.68642,-1512.6914433897,1,1.58166663874226,2.00450466923477,1.04278764332576,-1,0.0465933177669794,1.29630663710645,0.999999572416643,1,1.96628030376324,NA,NA,NA,NA,NA,NA,NA,NA,NA,NA,2.21745123227789,0.102656447156873,2.04068408399962,0.0582181197394676,2.13727141372247,0.0981885430986562
"42",1628796110.81428,-1482.14792721687,1,1.70406431437711,2.40190021550657,1.10347862986405,-1,-0.0259414223142494,1.36119622585846,0.908643639213266,1,1.94072473027845,0.267304828729823,0.168986351811692,0.125373299208086,NA,0.0676500760237592,0.51701654801866,0.149338757262104,NA,0.177045546116746,-0.945043,2.3737956076719,0.116415805088059,2.16885492499479,0.0652559207832786,2.3840708555639,0.117239045759145
"43",1628796383.9262,-1472.73155140617,1,2.22777539451988,1.91195903571502,0.990774494238014,-1,0.109769589953572,2.52237701643478,0.993596573862661,1,2.47234951222315,0.399998324860109,0.101327967457838,0.114693422124234,NA,0.085720483401304,0.659041691806917,0.00911976772409537,NA,0.254105137663442,-1.317907,2.0726777173138,0.0836167968946761,2.00487303775622,0.054253391883458,2.06204632590977,0.0918872110138975
"44",1628796803.85733,-1436.88607539285,1,1.69890268258495,1.89942512797702,0.710545275600754,-1,0.0909853972406356,1.24382234520619,0.999999836678425,1,2.2082556122912,NA,NA,NA,NA,NA,NA,NA,NA,NA,NA,1.95859969972974,0.0729661033438436,1.89559513924577,0.0478694888995907,1.96581186636216,0.0849224514455253
"45",1628797120.36565,-1487.0024922527,1,1.62818690869256,2.06807974312483,1.14652884512812,-1,-0.028272631156656,1.29448957512916,0.999999896483057,1,2.0247153828908,NA,NA,NA,NA,NA,NA,NA,NA,NA,NA,2.16680817912837,0.104536182173089,1.95777343297889,0.0502558971317769,2.18342237774672,0.105163677070406
"46",1628797467.91033,-1505.99058905242,1,1.65927638790102,2.01241153188186,0.922083432202571,-1,0.0615983594139358,1.2839347893355,0.999999610231575,1,1.91828026801971,NA,NA,NA,NA,NA,NA,NA,NA,NA,NA,2.12621362149954,0.0941471898849187,2.01230379720908,0.0569045222665504,2.10989695322748,0.0910936460921807
"47",1628797750.39,-1518.56714207236,1,1.60265996741856,2.08207639752253,1.25760732130936,-1,0.0309834265560609,1.29874593887032,0.999999683491974,1,2.07140937797848,NA,NA,NA,NA,NA,NA,NA,NA,NA,NA,2.25621537131928,0.103953385996124,2.11708926141558,0.0555090223186444,2.20857262357367,0.103382123369328
"48",1628798099.26278,-1497.70128385415,1,2.23139484651442,1.95143670263888,0.904332671430894,-1,0.0286074052606368,2.3285746990365,0.999521315473699,1,1.95525275279965,1.45347015319348,0.145157473867073,0.141454147027755,NA,1.0081415076405,2.32852190882268,0.00320950196183676,NA,0.190123154694213,5.622126,2.15332920624612,0.0908548479751869,2.03729268578056,0.0537781007168721,2.08492047274406,0.0931833849088249
"49",1628798515.18137,-1479.63206984897,1,1.64107227067409,2.07950830635125,1.15430793823601,-1,-0.0611929596028916,1.29322268959097,0.999999603728765,1,2.17693999337918,NA,NA,NA,NA,NA,NA,NA,NA,NA,NA,2.1171808298055,0.0960790787688359,2.0284890951806,0.0545616079646956,2.08047855403088,0.0907001151767077
"50",1628798801.72144,-1548.679846965,1,1.51919809948748,2.09243787783274,1.07301642044787,-1,0.0360203515164228,1.32997222829547,0.999999611348753,1,1.93710023810995,NA,NA,NA,NA,NA,NA,NA,NA,NA,NA,2.2379679800635,0.109231456948997,1.97515964835964,0.0543533373845118,2.20084042936155,0.104329668238518
"51",1628799142.82331,-1498.67893078819,1,1.64235497187911,2.24976523256654,0.949309071813254,-1,0.123150601646048,1.44030737369299,0.932465881255878,1,2.16853169577165,0.338897503861391,0.170882658182776,0.114743684748087,NA,0.0713121949753622,0.691868353546791,0.115839685963591,NA,0.188802583965415,-1.009424,2.25119884519672,0.0976082295877325,2.02403186100345,0.0523395011566935,2.22212377383667,0.0998045563287071
"52",1628799474.51747,-1560.14121261474,1,1.35459489557689,2.13128984245187,0.821891140268586,-1,0.0463016501319794,0.940194400206777,0.999999600211507,1,1.67828031948988,NA,NA,NA,NA,NA,NA,NA,NA,NA,NA,2.15313348762791,0.099233403722934,1.96798340520322,0.0501018056093006,2.07797612014368,0.0924415476176328
"53",1628799851.38632,-1459.12161089487,1,1.61530547416396,2.09696564928273,0.831223926777177,-1,0.0666821624833773,1.18363483562118,0.999998651919849,1,2.17509511367458,NA,NA,NA,NA,NA,NA,NA,NA,NA,NA,2.06871632238666,0.0885236178582868,2.04322451005952,0.0562514524193593,2.03897192007566,0.0925647766573415
"54",1628800219.72241,-1519.27013753325,1,2.38940976870601,1.93949131498109,1.11723548338136,-1,0.107083742420246,2.59139632724775,0.999998550557233,1,1.93492808770871,NA,NA,NA,NA,NA,NA,NA,NA,NA,NA,2.15362599387481,0.0972982142789572,2.09502915903182,0.0625902580635721,2.12465805426277,0.104233505268314
"55",1628800600.69983,-1469.60801106588,1,1.92265720232317,2.03857437996855,0.992536620694575,-1,-0.150111496881895,1.78249990463417,0.973367076132727,1,2.13485674122,0.293230092999016,0.130641616913814,0.100753237664302,NA,0.0768247929042224,0.502646155747062,0.024448729770095,NA,0.213541690957249,-1.769464,2.16876498642574,0.100781697006772,1.99300915363822,0.055545240916189,2.17229491539205,0.100290447006901
"56",1628800922.78286,-1456.69332279907,1,1.63170722045419,2.12186072801843,1.05733653308265,-1,0.0500105372068125,1.28958224068935,0.99999976730762,1,2.06017813960345,NA,NA,NA,NA,NA,NA,NA,NA,NA,NA,2.37437715741182,0.118594762141433,2.01047310690927,0.0524529413942557,2.28111476478953,0.105775691838958
"57",1628801252.18651,-1537.17747384365,1,1.49832339814345,1.928819941467,1.09294573468499,-1,0.0137515385694248,1.33298456451624,0.99999974866073,1,1.9174546623986,NA,NA,NA,NA,NA,NA,NA,NA,NA,NA,2.17803083187848,0.102604824941649,2.09329960741326,0.0609308078442951,2.15268757200174,0.103469809876575
"58",1628801525.20208,-1497.04687251726,1,1.56626787419264,1.96672768158339,0.88868735949224,-1,0.0262928858931887,1.25804338641582,0.999999699966532,1,2.04635435805082,NA,NA,NA,NA,NA,NA,NA,NA,NA,NA,2.30794776149638,0.0999464407869719,2.03023684774626,0.0562798362170312,2.28726981795079,0.0969793002106489
"59",1628801854.6933,-1486.71346903563,1,1.76526614453026,1.95804987650923,0.733068086769134,-1,0.0232844301871508,1.72750956458167,0.955240994709141,1,2.10604692834794,0.403516520143245,0.138926819632483,0.107389975457301,NA,0.032323601142518,0.767615292084478,0.040102824978657,NA,0.175257463795636,-0.864718,2.09941631135487,0.086994068970759,2.06321539926438,0.0569607598659202,2.02627384972732,0.0833671081363488
"60",1628802269.26761,-1545.89648737328,1,1.51038311748832,1.9931309185064,0.998578472222358,-1,0.0203549928211869,1.32846791302641,0.99999951800398,1,1.86273307702,NA,NA,NA,NA,NA,NA,NA,NA,NA,NA,2.09210588370324,0.0930817803874928,2.01089016022088,0.0532678673811087,2.05905132056974,0.0975315397758347
"61",1628802557.19494,-1460.03915621955,1,1.67532134507633,2.01515134078457,0.864794841854971,-1,-0.131635964414743,1.21353594190667,0.999999900033941,1,2.14819205866083,NA,NA,NA,NA,NA,NA,NA,NA,NA,NA,2.10912119629926,0.0914075496091764,2.039882965719,0.0551778523941169,2.08358390729688,0.0928332146079962
"62",1628802832.32334,-1516.98355104691,1,1.5928695354919,2.33904465148092,1.13300457616471,-1,-0.0767438236504047,1.29030073965123,0.947781439886377,1,1.8061742798915,0.263651772335251,0.181743430307922,0.132969851169302,NA,0.0682619904416896,0.551502153485152,0.0521747927208718,NA,0.178628359747328,-1.630526,2.31863536731318,0.119097901540571,2.0772156077452,0.0559013242269655,2.27407478912948,0.114727929077178
"63",1628803165.99726,-1475.72534245433,1,1.67794629459205,2.0030892044288,0.749570245939223,-1,-0.0815884314704919,1.18018272560166,0.982249862861432,1,1.98079819365272,0.259386372150621,0.136170378840808,0.0923091895675104,NA,0.0624399042112334,0.520439523285365,0.0225786567188104,NA,0.167984542365008,-2.324815,2.0525329037546,0.0906343953242819,2.01230983726969,0.0527648211907672,2.00072968782588,0.0855282440402876
"64",1628803612.93469,-1432.94373465935,1,1.75820243889768,1.93771415764846,0.993986604237146,-1,-0.0531650236090822,1.25706437686953,0.999999612489284,1,2.28056572881577,NA,NA,NA,NA,NA,NA,NA,NA,NA,NA,1.96292090051628,0.0753105366894052,1.85875939227706,0.0454131781434399,1.93130924252534,0.0832921900261942
"65",1628803901.67328,-1461.21337789248,1,1.67852767334576,1.88722542232912,1.11108332444592,-1,-0.0802607593128302,1.48425737372777,0.999999687458533,1,2.55516766551206,NA,NA,NA,NA,NA,NA,NA,NA,NA,NA,2.02547036606224,0.0853712266747426,1.98905076010468,0.0524717425962416,2.04554878289077,0.087207764654346
"66",1628804251.35421,-1498.70125013774,1,1.53992507490033,1.892913079429,0.967617456098656,-1,-0.122498228725421,1.28356746519325,0.999999618380965,1,2.35683234869268,NA,NA,NA,NA,NA,NA,NA,NA,NA,NA,1.99571710856497,0.0828316312756899,1.97761917019379,0.0538832167229458,1.95235341535014,0.0830796182936909
"67",1628804562.59978,-1497.30889249128,1,1.57282735976152,2.06741063392906,1.27089891391863,-1,-0.0222816958020192,1.32305311050691,0.999999523884264,1,2.16537694911046,NA,NA,NA,NA,NA,NA,NA,NA,NA,NA,2.2178931990887,0.108394158991978,2.03065718242664,0.054086853142911,2.24340081931119,0.101136419299444
"68",1628804806.17914,-1495.62174460216,1,1.76380963652523,1.91526751427443,0.835241293315891,-1,0.0294399840534052,1.31692232419153,0.999999729257282,1,2.00510529383197,NA,NA,NA,NA,NA,NA,NA,NA,NA,NA,1.95400234614089,0.0786598030793581,1.91590691160962,0.0514485742215794,1.91199605906897,0.0786518573908842
"69",1628805114.88291,-1523.20060311006,1,1.58335558683957,1.85093305925299,1.00787528276305,-1,-0.0353311789305243,1.3297485976151,0.999999722660368,1,2.06486069603134,NA,NA,NA,NA,NA,NA,NA,NA,NA,NA,2.01444812898422,0.0808645508990804,1.94603631708898,0.0522921665315909,1.93476053278142,0.0754060544725146
"70",1628805398.34936,-1460.54805522314,1,1.74823014653716,2.07493082875891,0.973201967831174,-1,-0.115466269252781,1.15274448468751,0.999999838834866,1,1.86389013691754,NA,NA,NA,NA,NA,NA,NA,NA,NA,NA,2.24548363140954,0.1089202785123,2.03521401133526,0.0554856035392348,2.20258161253854,0.103976544442926
"71",1628805753.04234,-1490.15352152366,1,6.52123831312852,2.01518316602485,0.980308033976537,-1,0.0618296275727013,8.65841642219291,0.697002453449662,1,2.50784511876501,2.50249934973946,0.128023970169499,0.109217701779592,NA,0.27049674257611,3.55491825804403,0.0979961334617722,NA,0.21628577447072,-0.002098,2.07716466722072,0.0843309232241002,1.90606081514051,0.0471511657198675,2.07663072495689,0.0895225500506031
"72",1628806215.75983,-1516.91303151889,1,5.02991899610283,1.96784974608619,1.10376921864644,-1,0.203990287694232,6.92253177014582,0.790362759363279,1,2.26662867837192,2.55330996016593,0.120426160618015,0.106945605968192,NA,0.264202404992159,3.77289499201507,0.077783341508127,NA,0.197816758897284,-0.002632,2.13780981648309,0.0948326842328964,1.95875755217341,0.0529738539763651,2.07264220673491,0.0833852423593878
"73",1628806710.44894,-1510.41353030214,1,1.60339952730024,2.01276555701729,0.966274427479995,-1,-0.0158378062259852,1.46242528949553,0.999951694830115,1,2.04627791328728,NA,NA,NA,NA,NA,NA,NA,NA,NA,8.722318,2.04768020576754,0.0917580137421108,2.00421917411348,0.0584110040027629,1.98722754005103,0.0933022284358278
"74",1628807113.91658,-1496.15648626395,1,1.60326793161365,2.06549493772141,1.20371638972549,-1,0.0317135540749178,1.31266022859007,0.999999618416157,1,2.09074238747094,NA,NA,NA,NA,NA,NA,NA,NA,NA,NA,2.13967014105614,0.0994363347858098,2.01173615953863,0.0548775655730278,2.1270126560596,0.0870169384687307
"75",1628807455.68603,-1491.30656071306,1,1.61438686662738,1.94313816189275,0.768466614043941,-1,0.179003674589852,1.2409647743785,0.999999530012583,1,2.06466836222434,NA,NA,NA,NA,NA,NA,NA,NA,NA,NA,2.04933798130128,0.0802663820797578,2.02219300535921,0.0539056227106777,1.95726580497452,0.0794232505681355
"76",1628807778.33886,-1523.54576825749,1,1.57380211692015,2.075130101711,1.10462065254873,-1,0.0612114802385904,1.3382534732658,0.999999676679423,1,1.94872408536238,NA,NA,NA,NA,NA,NA,NA,NA,NA,NA,2.17270299397439,0.103755513203522,1.9487262929148,0.0551855119685513,2.13864117209374,0.103658135064417
"77",1628808081.05529,-1454.35019586678,1,4.68086976540356,2.07060122361437,0.98301103681688,-1,-0.284166663073918,6.02898616460861,0.765859372618684,1,2.21653266744275,1.26070757043214,0.142871582881219,0.12725122639171,NA,0.206937841035793,1.79296197567689,0.111067878251851,NA,0.208854751611503,-0.008015,2.22537122234124,0.0977281909677157,2.07977599718479,0.0561217408042761,2.22479256271787,0.101013929766532
"78",1628808484.54584,-1439.48421395687,1,1.60267380177064,2.0193401892622,0.865952898840193,-1,-0.178992784341672,1.17979132511065,0.999999686384764,1,2.1351546871444,NA,NA,NA,NA,NA,NA,NA,NA,NA,NA,2.13280616915682,0.0932587964854978,2.04112740935828,0.0580715290078985,2.09225101633688,0.0909084429630289
"79",1628808811.04523,-1533.53114722058,1,1.59773665532354,1.9734350544986,0.960911020221939,-1,0.00189121163212876,1.32038053803214,0.999999629655815,1,1.9587748213095,NA,NA,NA,NA,NA,NA,NA,NA,NA,NA,2.09691831523739,0.0926870388541814,1.94639750190332,0.0535850509367699,2.0411982269887,0.0891733259423199
"80",1628809108.08504,-1496.79574729235,1,1.40458742109429,2.09859089377737,0.924638255242309,-1,0.0126944546988574,0.911897825947015,0.997512292565013,1,2.48386558492101,0.18636073766238,0.161570488780923,0.0940276553470387,NA,0.00654351882431397,0.459073350512399,0.0128078349966429,NA,0.252827047420533,-4.064468,1.996054851682,0.0828604422677902,1.90692243670968,0.0484503304386588,1.99454723594948,0.0884594325405811
"81",1628809557.65302,-1470.37784806791,1,9.68876990942067,1.97470301070889,1.14186377107191,-1,0.0412962339786705,11.9596596357247,0.847713492253536,1,2.00757719999716,2.36367741968472,0.121135073637401,0.131518650316077,NA,0.374583520756925,2.78134660477841,0.0629898132707896,NA,0.20590092041203,-0.001398,2.1668272107619,0.100815338718301,2.01243992033712,0.0578035672525819,2.11663357136531,0.105675800727934
"82",1628809983.20142,-1503.266246843,1,3.30654159016026,1.88378836164657,1.20377107559334,-1,-0.195822648222253,4.43279591695596,0.895393072373915,1,2.21808132300094,2.04283407409547,0.124395025674475,0.127824758151774,NA,0.186473667099178,3.14835486034322,0.138873999796732,NA,0.218838938691132,-0.010699,2.15916007078724,0.097805119395304,2.0913262308329,0.059560772454908,2.18942144670215,0.0984504410595844
"83",1628810375.47492,-1512.19142402209,1,2.8650306270942,1.83027746681875,1.22387429619942,-1,0.0804286836924952,3.15960694634512,0.983320039060536,1,1.98247214790065,0.675030767700578,0.114285121749598,0.129933493733235,NA,0.158220900466501,0.979739433361949,0.0266979416766717,NA,0.176797954906915,-0.301249,2.02879952953983,0.0949741170972591,2.0218237243091,0.0591712187038379,2.03333153581853,0.0883841506005748
"84",1628810787.49539,-1493.02922109221,1,1.5732939598281,2.08103737633576,1.24062799318666,-1,-0.0308838054001861,1.31683002148803,0.999999742149264,1,2.0589208952794,NA,NA,NA,NA,NA,NA,NA,NA,NA,NA,2.29584117163999,0.114777590499597,2.12656105280287,0.0641983887714607,2.28076459195687,0.107991831980958
"85",1628811107.5168,-1497.65322007166,1,1.62451465640643,2.11265520061618,1.09025314048611,-1,-0.0231725266575018,1.37744203213564,0.985059498152004,1,2.16911081186988,0.655260399185641,0.156939296470291,0.180569391302038,NA,0.809880622650192,1.29477632693755,0.0900980575972991,NA,0.239626022917765,10.451862,2.10144397506785,0.0983210316397316,2.01120565188129,0.0549830113002725,2.03209964670667,0.0953763332199884
"86",1628811538.86881,-1479.16288516181,1,1.85326766458023,2.19746342385205,1.42910452821634,-1,-0.0741985160819984,1.6349687135712,0.999999777880127,1,2.07944514169777,NA,NA,NA,NA,NA,NA,NA,NA,NA,NA,2.38191942934107,0.119202298691146,2.05873156490776,0.0580411799434999,2.20295629472893,0.112459865310837
"87",1628811848.40424,-1570.63843012358,1,1.58561271768975,1.91850868105749,0.961767745725271,-1,0.0749037417932329,1.32091505166988,0.999999602202944,1,2.11802113424621,NA,NA,NA,NA,NA,NA,NA,NA,NA,NA,1.9636044538006,0.0787497662353699,1.88864254112657,0.0483243410220738,1.91223543837757,0.0828424936889557
"88",1628812193.331,-1486.91692197858,1,1.54406434420455,2.09731938988476,1.24107547910017,-1,-0.0199859009230874,1.31358893068816,0.999999766550876,1,2.1395149294963,NA,NA,NA,NA,NA,NA,NA,NA,NA,NA,2.21266835654662,0.102499206540786,2.06784776597737,0.0571268317708508,2.28213926369783,0.111695021616755
"89",1628812507.7691,-1534.69481616125,1,2.20288415083268,1.77544668977051,0.955870640330164,-1,-0.0424762043313167,2.53444087418594,0.893493231588355,1,2.18747010300548,0.653351925565595,0.113384589870416,0.0973236858221605,NA,0.0937119165113147,1.09922007975857,0.0763392170428894,NA,0.197168247908372,-0.175148,1.92331315475493,0.0741361348165419,1.87687276364445,0.0480488343890535,1.89818674573393,0.0841444294139658
"90",1628812840.59153,-1508.34082589633,1,2.08348528414097,2.14028074863346,1.17556020526438,-1,0.222371755792718,2.23294561591828,0.998025857180959,1,2.09776927040509,0.363445388440511,0.119828645187338,0.122773067498189,NA,0.0976618304385468,0.596225373897799,0.00331718319652728,NA,0.202184257812197,-1.929056,2.29395462340491,0.106676281371348,2.09168550484003,0.0588636734537789,2.25291549270916,0.0958781998664652
"91",1628813258.28982,-1496.66504773922,1,1.53079527910674,2.06213549297921,0.940611782729614,-1,0.0608343220051051,1.30542217758572,0.999999816252337,1,2.18053686110321,NA,NA,NA,NA,NA,NA,NA,NA,NA,NA,2.1447864405817,0.0905858087630183,1.97750380162493,0.0534209465768096,2.08374518161933,0.0924942428998133
"92",1628813589.10122,-1484.79847419097,1,1.90294180303951,2.09829005064949,0.860255223967535,-1,-0.128485457701397,1.83805072320502,0.853106474834352,1,1.82881013219514,0.530399997526194,0.154251259895497,0.112426045729851,NA,0.0839757503839333,0.95103481665789,0.101793819893405,NA,0.16255807034755,-0.304192,2.1429795974714,0.101600181938043,2.03271632972042,0.0536043546489965,2.08507817953061,0.10344896292055
"93",1628813873.28939,-1490.26103878631,1,1.77005216875428,2.16583368754672,1.46492113207743,-1,-0.0102955019456064,1.59185667188876,0.99999989301598,1,2.27247309233498,NA,NA,NA,NA,NA,NA,NA,NA,NA,NA,2.36599832729221,0.122907453619403,2.0833434025661,0.0590045802229247,2.24291245253095,0.105796934310885
"94",1628814138.39838,-1528.13428108979,1,2.17559878870901,1.97171938562976,1.08632459753561,-1,-0.0730696786608536,2.35791641855178,0.953605889226738,1,1.95687656825716,0.488405114993737,0.12677476608908,0.136091758919357,NA,0.151124178187593,0.785300597235433,0.0831142362040339,NA,0.180439862468036,-0.447534,2.11400127161077,0.0933077908842574,2.04377880017016,0.0604558876452961,2.14726724863247,0.0999425951025029
"95",1628814544.15035,-1461.00229677759,1,2.57497305907274,2.3448096458421,0.972401552300541,-1,0.0374743355766014,2.98599708457001,0.558554640231067,1,2.23674136287409,2.50665407349542,0.176849918427119,0.122506555822053,NA,0.119507794712852,3.88696681506806,0.196264959628233,NA,0.209480622466663,-0.013052,2.20746657271389,0.0980947971051852,1.99561392710242,0.054423555949484,2.12903055042188,0.113719568420861
"96",1628814945.93254,-1518.43373879655,1,1.62809836626422,2.05415294045417,1.05769754244341,-1,0.0315566220976653,1.32112874702629,0.99999968583289,1,2.05062478870081,NA,NA,NA,NA,NA,NA,NA,NA,NA,NA,2.11515772408996,0.0959706485716973,2.04225953850122,0.055484626438067,2.11643734552135,0.101359487645465
"97",1628815243.4813,-1468.90739943208,1,1.84592198788841,2.17892747300631,1.10036188446507,-1,-0.117350951681789,1.63347582921077,0.979508944409562,1,1.89767712698163,0.286540460701252,0.155380991845273,0.13997455310606,NA,0.0734380124614123,0.502578088093816,0.0211824151372474,NA,0.187060578401495,-2.620818,2.21467545140064,0.112289708238937,2.03197969233904,0.0549723233922427,2.16051343083179,0.10546289581586
"98",1628815573.76869,-1504.22040761356,1,1.91000835258873,2.20013256785094,0.838932918878965,-1,0.0211653261424372,1.77117040296027,0.658182584641917,1,2.04375958692651,0.822270663282205,0.147556271562984,0.108739002684303,NA,0.0760692304335254,1.44424621008601,0.202606960765454,NA,0.187326484640365,0.277918,2.1690939519842,0.0892072541326351,1.98451874830705,0.0569232346931387,2.1392108729374,0.0976877641805512
"99",1628815844.24954,-1504.74396553787,1,1.49830805591969,1.90773441400806,0.89165641409056,-1,0.102868817278848,1.17620466139378,0.999999702781007,1,2.2238619968726,NA,NA,NA,NA,NA,NA,NA,NA,NA,NA,2.30209052239175,0.098609177178062,2.03079233864856,0.0550697571762605,2.29114733948934,0.0975819049863402
"100",1628816174.25587,-1484.85145810206,1,1.66603961357833,1.95854129275195,1.02658885503769,-1,0.0100881014960791,1.27806243537001,0.999999520543318,1,2.09531236367343,NA,NA,NA,NA,NA,NA,NA,NA,NA,NA,2.0144279602041,0.0868576675795114,1.9386184680723,0.0476394537177649,1.9892623162509,0.0884231117426275
"101",1628816536.06384,-1524.41043039458,1,2.22051474040144,2.09808275025742,1.31140158530901,-1,-0.0080522517460012,2.47076467339383,0.995721757804401,1,1.85961330315838,0.38140833256302,0.14058764592965,0.146943625983695,NA,0.00318816001155255,0.630163570628607,0.00875018044482785,NA,0.179283216109484,3507.993842,2.28123288377686,0.114955499608866,2.09010498326108,0.0598087797458676,2.26517845488836,0.112620184650224
"102",1628816926.96737,-1478.23402534562,1,3.08808656186677,2.01926570784081,1.10664702471875,-1,0.0940756541301558,3.54707633529523,0.920586244007527,1,2.14468045428506,1.17723833546621,0.111618398200627,0.11530429785724,NA,0.183916354701174,1.67775338529344,0.0648700063738426,NA,0.204103199056143,-0.112716,2.22984017685773,0.099163967791691,2.00979632626576,0.0547678944701951,2.23852541669111,0.098993581698053
"103",1628817353.98818,-1460.05963822031,1,1.6907921602277,2.14159246465583,0.725927228294848,-1,-0.162697218053822,1.2829472649634,0.798796143629978,1,1.84186114332056,0.809079439463172,0.168620930656267,0.116237667941582,NA,0.11319946689815,1.63789154651421,0.328024681297411,NA,0.161689081086189,-0.210623,2.15536906754131,0.0973998087344432,2.02271954129008,0.0555489119783946,2.1383564118159,0.101086575722176
"104",1628817696.96011,-1507.60032259104,1,1.85306417630281,2.20594872770041,1.48442834051369,-1,-0.0575820577279414,1.67585323043791,0.999999741309049,1,2.02855745447245,NA,NA,NA,NA,NA,NA,NA,NA,NA,NA,2.26123323140159,0.111275142821358,2.11525525854615,0.0584932185662047,2.33759227013604,0.119623791864066
"105",1628818045.59175,-1507.27443141722,1,1.87099976488517,2.07509886242095,0.990793306973677,-1,-0.103072104689891,1.84789228994479,0.896453936386082,1,2.01515117802516,0.545171361123069,0.152941180831296,0.124260851094548,NA,0.0811786729225286,0.976124167105858,0.175620822134947,NA,0.194124141782202,-0.285269,2.12544543892009,0.0921532130740413,1.99605482369562,0.0503320240993982,2.10548821651018,0.102357232996825
"106",1628818345.16319,-1438.65785351869,1,1.66253291414155,2.08211973865994,1.03471195720615,-1,-0.0586367630120045,1.10771592426188,0.999999756765134,1,2.02932433568213,NA,NA,NA,NA,NA,NA,NA,NA,NA,NA,2.26540414260842,0.111751234540335,2.03011092806462,0.0560862181988733,2.25326848736154,0.112062107084263
"107",1628818608.94659,-1465.09239207889,1,1.64301186085888,2.1151663319231,1.15492038223732,-1,-0.035863665693301,1.26889625103043,0.999999881250776,1,2.11613097482809,NA,NA,NA,NA,NA,NA,NA,NA,NA,NA,2.24030902145565,0.107020195374548,2.02319149124753,0.0576766000719902,2.23275663703546,0.0985419217869066
"108",1628818932.95459,-1523.77394021672,1,1.59822210669512,1.9528258621768,1.10940125175896,-1,-0.0357006947265797,1.30418570271123,0.999999750155813,1,1.81911838859349,NA,NA,NA,NA,NA,NA,NA,NA,NA,NA,2.10050811776722,0.0995261125725549,2.06455482180773,0.0594570333373766,2.18297578281196,0.109116245479203
"109",1628819296.53833,-1464.18829587422,1,2.08956907291035,2.14832528828834,1.12175455595515,-1,-0.0699199086932789,1.8385818322257,0.999989907026785,1,1.91425867831068,NA,NA,NA,NA,NA,NA,NA,NA,NA,523513.226431,2.25650933110241,0.110702136383625,2.06386681233279,0.0550754544275121,2.21374161590898,0.105176505735405
"110",1628819717.66491,-1492.36498450255,1,1.63335619676303,2.06621722362467,1.0166177475122,-1,0.0051555180097577,1.3135126047985,0.999999628872433,1,2.05156641222663,NA,NA,NA,NA,NA,NA,NA,NA,NA,NA,2.10200077554086,0.0965336001269398,1.93707198593093,0.0503387503097409,2.06011611230847,0.100803202297144
"111",1628820049.90072,-1492.77216520018,1,1.70267236771078,2.01012559081642,0.957442070621691,-1,0.0185580140206278,1.25812160024324,0.999999753279409,1,1.86213230560628,NA,NA,NA,NA,NA,NA,NA,NA,NA,NA,2.18418714793587,0.102125717330768,2.00828375107751,0.0580274387057839,2.07118936616917,0.10119306050679
"112",1628820373.47311,-1487.271307466,1,4.58359686815092,2.18128526508557,0.985762703970075,-1,0.164616826682015,6.11344331849666,0.590964636264696,1,2.18573178072963,2.22150922248567,0.14121963280973,0.109405583779941,NA,0.227022796251027,3.24545999522243,0.127148035779587,NA,0.201302420495699,-0.00393,2.18894087512679,0.0958382565765726,2.03254703312632,0.0572984303574601,2.08371792866874,0.0930640502177026
"113",1628820765.40048,-1541.50990906966,1,1.56337109226839,2.00730889605937,1.19387351880485,-1,0.000301458086621424,1.32819443216524,0.999999545584097,1,1.89940398749455,NA,NA,NA,NA,NA,NA,NA,NA,NA,NA,2.23103391791296,0.109734317521597,2.06491250592755,0.059546076701672,2.15088457078812,0.100708999276629
"114",1628821114.86757,-1511.37458684347,1,1.53433016057001,1.89734926487103,0.808333915461584,-1,0.00560941839629599,1.29339930980123,0.999999745801086,1,2.12162901221657,NA,NA,NA,NA,NA,NA,NA,NA,NA,NA,1.99168799194382,0.0802685917824215,1.95866666540146,0.0518905594616352,2.00272704764496,0.086686880593522
"115",1628821447.70415,-1503.07675593013,1,1.53365423503371,2.07761059102736,0.94249447010806,-1,0.0728541269731733,1.27986860439631,0.999999741718484,1,1.89153502777907,NA,NA,NA,NA,NA,NA,NA,NA,NA,NA,2.25630070525609,0.107140310006074,2.08158447559048,0.0620041087893429,2.23315106231345,0.115393061313912
"116",1628821799.37654,-1508.42725438747,1,1.71271329533756,1.99042827334786,1.00051408911177,-1,0.0114241976626795,1.55672878276349,0.999999394702685,1,1.90113376490514,NA,NA,NA,NA,NA,NA,NA,NA,NA,NA,2.14175593522886,0.10075736789391,2.04710086371879,0.0589455036319745,2.09892385903756,0.0962215410976613
"117",1628822191.24261,-1492.77717052682,1,1.58457841276674,1.98947977964721,1.09916474879891,-1,0.0140445402014071,1.3291872025392,0.999999554082471,1,1.94936700015964,NA,NA,NA,NA,NA,NA,NA,NA,NA,NA,2.18151002303617,0.110021838944743,2.09979303782752,0.0624546663079162,2.1882638739885,0.111517050549282
"118",1628822484.33807,-1462.23595601672,1,1.93889247156663,1.98630056254127,0.93838673352708,-1,-0.0183920586252302,1.89317915756943,0.991738709817719,1,2.08174385565733,0.39701640673504,0.142743161440088,0.114962447638598,NA,0.0194726598590718,0.711198251814817,0.00995649290540541,NA,0.183981996532182,674.974548,2.11523758484314,0.0974477651751136,2.0166929440488,0.0556711918127869,2.09629527425475,0.0931775390075022
"119",1628822901.33764,-1553.99558695412,1,1.50440586096165,2.01351251708715,1.17516433716103,-1,0.00652951615131015,1.31988661400153,0.999999898039022,1,2.01545787327846,NA,NA,NA,NA,NA,NA,NA,NA,NA,NA,2.24644523935783,0.100694701777787,1.95625191966789,0.0487845777140028,2.19498789218127,0.103140450484288
"120",1628823167.78708,-1495.63669975438,1,2.09852978740053,1.92966650902446,0.811289392857662,-1,0.120101869447936,2.14325166120118,0.998446005705313,1,1.90787982108611,0.684197647940878,0.141876587225002,0.0965903103878983,NA,0.115262817537628,1.14278943172612,0.00293558037376916,NA,0.160922904265128,-0.975806,2.06201277815182,0.0856189198413022,2.00117936699997,0.0557991484101591,2.06818493160323,0.0897809973143026
"121",1628823564.31588,-1516.34922861396,1,3.26871713072588,1.93691104361348,1.15092049698424,-1,-0.21619197406572,4.18998301161583,0.840993079364406,1,1.95243707630809,1.62773508867419,0.123369218837706,0.13175421941781,NA,0.173711494967327,2.41969927593646,0.134419791805126,NA,0.190732444566261,-0.016966,2.14910333835653,0.0994221742976467,2.00072929682597,0.0560189547096102,2.10677114315519,0.0957192766096799
"122",1628823928.27061,-1491.70447645757,1,2.55631355174145,2.03321772362407,1.07116086295737,-1,-0.00194776438035993,2.88292278359318,0.979993407293764,1,1.85190657779164,0.929732175210785,0.144505626736101,0.138938053798098,NA,0.00168999297396616,1.4358754918418,0.0260987143290649,NA,0.186491626853285,-0.215596,2.25595489850084,0.102466351536543,2.03654282915318,0.0586020155279904,2.2064261912948,0.102795488881805
"123",1628824342.09209,-1499.05906355782,1,1.59374073427311,2.02392369437137,1.05920821017826,-1,0.0166959680671391,1.31452858338988,0.999999672990889,1,1.95290615028614,NA,NA,NA,NA,NA,NA,NA,NA,NA,NA,2.22817985226544,0.108511194769106,2.13209886869316,0.0635012121631952,2.17148664573625,0.108331282299411
"124",1628824640.28655,-1504.7091873684,1,14.4117819532978,2.05220320186131,0.732837211029141,-1,0.589425712296463,19.2772793404429,0.530329525315501,1,1.97969723930756,5.57317006292148,0.133769145575973,0.100105791938179,NA,0.575643529616075,7.38003849618431,0.182840729896332,NA,0.170955765869331,-0.000225,2.08937614727424,0.0834208454594692,1.97888140180653,0.0507014865159529,2.07253599456938,0.088468448455427
"125",1628825124.43242,-1441.80113053373,1,2.18323914818696,2.01455447546124,0.870640956522935,-1,0.174867240653613,2.31025928282577,0.999999529567839,1,2.20223385489583,NA,NA,NA,NA,NA,NA,NA,NA,NA,NA,2.19470358791477,0.0905657845986632,1.98046978105221,0.0551409739504415,2.13501803982382,0.0926821013803218
"126",1628825455.73819,-1505.91834893947,1,1.62457601810324,2.06445875045508,1.2085985852522,-1,0.0632924167220955,1.32165787278462,0.999999561443384,1,2.06157101625543,NA,NA,NA,NA,NA,NA,NA,NA,NA,NA,2.22278064691088,0.106327244959842,2.09015178588794,0.0590889281109867,2.17804257906002,0.111250026782115
"127",1628825805.85318,-1503.91646594393,1,2.01159877277034,2.02283337048267,1.07545702001262,-1,-0.0977049941071981,2.06432463030476,0.999999701901104,1,1.81439893343734,NA,NA,NA,NA,NA,NA,NA,NA,NA,NA,2.21790189542557,0.106083960379142,1.98481060981817,0.0550560666861887,2.15678783051605,0.10814235774072
"128",1628826119.5128,-1517.33868595687,1,1.5221293749191,2.09623197930173,1.31694891743915,-1,0.0371089245871775,1.35819211383146,0.999999663565487,1,2.15975032301727,NA,NA,NA,NA,NA,NA,NA,NA,NA,NA,2.17225572627213,0.102559469528845,2.03554446219273,0.0556194643057766,2.15017922391716,0.105743993728794
"129",1628826384.9821,-1494.7006845973,1,1.70915343711324,2.10510570016965,0.914672965409886,-1,0.0213059070104548,1.64197278680401,0.999999232285038,1,2.08627469024779,NA,NA,NA,NA,NA,NA,NA,NA,NA,NA,2.23778626051689,0.0991658605975172,2.14154071410571,0.0626591543681738,2.23568294677593,0.101818793421685
"130",1628826790.72308,-1498.40936666749,1,1.48818553811442,2.28477247367171,0.931789127214877,-1,0.00281039778688254,1.09792155032388,0.960374883720261,1,1.85578732998033,0.370447117589549,0.457102405767612,0.139161396121345,NA,0.516224753758841,0.893061191671872,0.12854403772752,NA,0.200415378169121,16.09482,2.24144441687131,0.10727458490057,2.11172507478631,0.0641300487865392,2.21712186268933,0.11338118246815
"131",1628827137.25658,-1478.95292438063,1,2.18017903069256,2.00372458622531,1.00173678557971,-1,-0.0580511954315937,2.27046297962564,0.999977864380923,1,2.05972074121233,NA,NA,NA,NA,NA,NA,NA,NA,NA,-1.313528,2.18896343375401,0.0998522270841075,1.95533214467069,0.051186605194237,2.19355684590986,0.0990665984994623
"132",1628827530.82234,-1494.14367057127,1,1.51783367574816,2.16533533137172,0.808202868416309,-1,0.018192243335468,1.06214634511554,0.993461989636439,1,1.93731631277535,0.221016473418275,0.135870619368654,0.102745786413723,NA,0.0248800037734749,0.480110344428906,0.00810677019507662,NA,0.17161488481555,-3.452959,2.17784440993427,0.097229447247372,1.97222734248252,0.0510074305826539,2.04921486293736,0.0906655817162255
"133",1628827861.10753,-1468.78958728027,1,1.71356494339953,2.06398390538294,0.927133684345157,-1,-0.10407135077253,1.25302212967728,0.999999686182845,1,1.83086663110578,NA,NA,NA,NA,NA,NA,NA,NA,NA,NA,2.21279911205892,0.100990207209488,2.06543301571737,0.0559494461788783,2.21288378534361,0.113643381775019
"134",1628828152.14802,-1484.07591839039,1,1.97764452866403,1.98571498364594,0.950957957078528,-1,0.0636307783846809,1.85857112299662,0.974925986218365,1,2.17291385336347,0.48621581485273,0.144232950814319,0.106305110967881,NA,0.128319426926488,0.834578249539613,0.0276415667939679,NA,0.198098965799962,-1.178136,2.10520737348515,0.089074913240042,1.98819164978853,0.0540724720474894,2.07631143231299,0.0892489604589862
"135",1628828495.54447,-1486.48177917355,1,1.72120615157567,1.9638418693478,0.884859296855269,-1,-0.126311853297421,1.20996353499346,0.999999664245971,1,1.80665930735936,NA,NA,NA,NA,NA,NA,NA,NA,NA,NA,2.23060439944298,0.0926813185030416,2.05380128061585,0.0567059075905759,2.18516798662733,0.0985172471286696
"136",1628828815.73318,-1479.96499773767,1,2.46742643810929,1.87913669249014,1.01295308644453,-1,0.182142984082359,2.63454810480583,0.958889020056188,1,2.5854777010723,0.59301491892683,0.105413911516603,0.0979132758861565,NA,0.124805650871685,0.912392624509208,0.0385219682979006,NA,0.266099414796058,-0.435816,1.98930256560403,0.0744612769185328,1.94185301723162,0.0478303165479772,1.99356125086188,0.0834869529182965
"137",1628829215.39884,-1487.42519213812,1,1.56604219922868,2.08240389545988,1.23875610934778,-1,0.013011073868852,1.26209907769598,0.999999584709929,1,2.15275030324741,NA,NA,NA,NA,NA,NA,NA,NA,NA,NA,2.23502927659475,0.105032143939505,2.00691968574522,0.0536540809702623,2.16641870694463,0.0945815966813308
"138",1628829529.57628,-1486.38728378114,1,1.65837855767789,1.97739980172123,0.791755363241726,-1,-0.0139727479452345,1.28792828253841,0.999999736132146,1,1.97174787492404,NA,NA,NA,NA,NA,NA,NA,NA,NA,NA,2.08954803310508,0.0908934123328736,1.94564947092562,0.0514983899321857,1.96125362111001,0.0861136887046299
"139",1628829864.48107,-1478.94000786407,1,4.23636334327753,2.13675860457959,0.87953137020117,-1,-0.291205351741657,5.42160169559429,0.739585027551223,1,1.69064855501856,0.727702709019523,0.146385400009901,0.128650605479986,NA,0.178471255799709,1.02129585874468,0.127498597887289,NA,0.159237284729344,-0.00771,2.27946448461463,0.11539989611268,2.03656903426363,0.0593106793182319,2.29972737580068,0.116928076435804
"140",1628830261.53317,-1499.20180687463,1,1.58471655200107,1.96960657810014,0.885098756215155,-1,-0.0299966723901196,1.31393359169761,0.999999729783597,1,2.11120963066544,NA,NA,NA,NA,NA,NA,NA,NA,NA,NA,2.05279290317422,0.0862443178270567,1.98018452047741,0.0498321320160199,2.0181274140382,0.0928933204509104
"141",1628830590.17296,-1462.47890880504,1,1.65197033863097,1.92940005578465,0.871649558312491,-1,-0.0353074673035446,1.29466159159365,0.999999607098212,1,2.1720173733608,NA,NA,NA,NA,NA,NA,NA,NA,NA,NA,1.98388472672106,0.0846246196269536,1.95294000838136,0.0524531973787919,1.97488907433538,0.089421596500227
"142",1628830920.04395,-1449.56652067758,1,2.23544796188776,1.96259282812605,0.841420246527861,-1,-0.151815954162846,2.18206756569252,0.769871315315679,1,2.20203355808174,0.832660047149028,0.122514386388428,0.09623973527049,NA,0.104440024410255,1.30093002368832,0.190062949922441,NA,0.191273378818822,-0.110706,1.9528494249643,0.079729610967452,1.88051457680979,0.0483135026073147,1.91111695772964,0.0858580983566133
"143",1628831252.93238,-1416.12614522673,1,1.85271557555544,2.00271254468394,0.808469823672388,-1,0.0277195032618885,1.20658068004511,0.999999813757003,1,2.00485376916677,NA,NA,NA,NA,NA,NA,NA,NA,NA,NA,2.15646180928508,0.0941309031719509,2.03618799887556,0.0550457221798233,2.05204612337985,0.0885430147068168
"144",1628831594.6231,-1489.04868556178,1,1.62130671534095,2.14758760658807,0.967357919877354,-1,0.0739210523871041,1.2923334847114,0.999999942831209,1,1.907560082611,NA,NA,NA,NA,NA,NA,NA,NA,NA,NA,2.27792436785271,0.111510789250401,2.14586915067984,0.0632171491081304,2.2924107550725,0.112559387275222
"145",1628831913.68876,-1480.5228315479,1,1.55182514642642,1.98192173065524,0.974710135342965,-1,-0.0731186480707076,1.31674940550306,0.999999965071826,1,2.07748893988857,NA,NA,NA,NA,NA,NA,NA,NA,NA,NA,2.12203231622224,0.0978124288495646,1.9547532044439,0.0551479374484224,2.08346473239463,0.103087287528343
"146",1628832218.33777,-1514.48634245002,1,3.78082471951458,2.0969152354956,1.09809519126091,-1,0.206918747724636,4.63751764560939,0.760555641336461,1,1.90327795739146,1.22231130775333,0.132834192508967,0.123630884920516,NA,0.172899127920055,1.70491664525497,0.0867632016828475,NA,0.192774065413498,-0.012875,2.15162906481153,0.102887594899412,1.9942316002586,0.0530270822081058,2.07104069098811,0.100488239654482
"147",1628832583.17558,-1427.77488072053,1,6.92328996665229,1.94016909952252,1.03002863112182,-1,-0.0160273998712861,8.38337785619356,0.857238193680662,1,2.28196767503576,4.02849074047195,0.11337402371098,0.107391889751371,NA,0.266558809434617,5.0818502209068,0.0746780174939018,NA,0.211749531810158,-0.001395,2.14814562150002,0.0965257643072098,2.01307103412598,0.0530398758629931,2.05017542521069,0.0877736887601223
"148",1628832985.77163,-1488.20465657251,1,1.93504463515802,2.14189125024784,1.10194050649043,-1,-0.032072554867139,1.77865116075133,0.995253311429975,1,2.00644752894641,0.328364989002526,0.148927094344947,0.124121844616644,NA,0.0316907731371679,0.568278646464012,0.0140171928374173,NA,0.189045051151408,-1.965718,2.20574363238723,0.0967662322186854,1.9897032927037,0.0525121555798462,2.09048692202406,0.0965072912049739
"149",1628833327.94847,-1513.7430266799,1,1.5365547447434,1.82487051879204,1.03050577946356,-1,0.0536163025336804,1.28718961619013,0.999999990755124,1,2.37047797629207,NA,NA,NA,NA,NA,NA,NA,NA,NA,NA,1.93341651247671,0.0736544244403962,1.88880116691173,0.0487472657775015,1.91452966274393,0.0769479444380349
"150",1628833634.2201,-1496.34018398377,1,1.61288871175006,2.00314504109346,0.950620002458175,-1,-0.079797516151186,1.28785390064219,0.999999535528586,1,2.04334757371876,NA,NA,NA,NA,NA,NA,NA,NA,NA,NA,2.06832702888951,0.0913187922773422,1.95012088110701,0.052285931499318,2.04041192451787,0.0949238699085237
"151",1628833925.09159,-1482.34212819613,1,1.74887998089708,1.99332329918224,0.940343108682799,-1,-0.00050697497823308,1.27739263617129,0.999999587204335,1,1.94587401911109,NA,NA,NA,NA,NA,NA,NA,NA,NA,NA,1.96477341765086,0.081779561273174,1.97116220304551,0.0528539727996527,1.90589130204117,0.085705116049162
"152",1628834256.19075,-1506.63745969726,1,4.6503874794141,1.91952150626215,1.02135814183971,-1,-0.0611420865092247,6.25288663064009,0.836975038394545,1,2.02087024701965,1.75522873343781,0.119008489432101,0.11131963884239,NA,0.196854234385402,2.52482069847416,0.082691529742075,NA,0.182586547161173,-0.004406,2.14096751310406,0.0891628535176774,1.96668365858572,0.0514962202594761,2.04728188640904,0.095445073199228
"153",1628834675.30995,-1560.08360230075,1,1.56149105019892,2.03602698523245,0.899951651122718,-1,0.207655087205684,1.29027919367299,0.999999925354098,1,1.86905278654403,NA,NA,NA,NA,NA,NA,NA,NA,NA,NA,2.20749585973041,0.0910646462022063,2.07260974458654,0.0528156420059017,2.11710543849409,0.0909044404674352
"154",1628835019.71869,-1512.43104258927,1,2.67705759273431,1.85719386316985,0.869854612377292,-1,-0.0188614614775009,3.23702521411981,0.949087886030876,1,2.05392969619452,3.20593771242648,0.107866155416567,0.118070819484204,NA,0.184325821408573,4.98296707942697,0.323282254462895,NA,0.169526972381325,6.95529,2.09785444777436,0.0874056950286035,1.94103815129376,0.048533361421167,2.06237161823815,0.0917212300710809
"155",1628835512.18882,-1539.48803475472,1,2.82072510198432,1.86470632920389,0.999871650149847,-1,-0.045373522649062,3.58310010550138,0.968793171038996,1,1.98913250677354,0.755192200952104,0.118169245772016,0.129161762976357,NA,0.0806703688039543,1.19699936654985,0.034032311383308,NA,0.184403907051595,-0.087709,2.14190603511306,0.0935523147090972,2.03276285109137,0.056027648517097,2.157802017441,0.0961060403098517
"156",1628835962.5781,-1413.86395038986,1,2.03491224314861,2.06508153060397,0.956737222861922,-1,-0.0795909417095816,1.76256747493993,0.977564911847411,1,2.25887217782638,0.328393339354729,0.129231362966532,0.111138156956632,NA,0.0748681535462483,0.526716237305914,0.0200676966805096,NA,0.218137285568149,-1.82543,2.1684534630922,0.0962863168682012,2.03829750467893,0.0549479563763781,2.18317300902746,0.101279044278323
"157",1628836306.37899,-1529.18038216441,1,3.91069893643381,1.89613885261957,1.07250825138982,-1,0.13787093237736,5.39625981523781,0.893324230453545,1,1.95721157227026,1.77055228456552,0.109202363539552,0.12993930587743,NA,0.193691537158497,2.69196013166793,0.0610689594893509,NA,0.170049695405281,-0.016554,2.16247626366415,0.0960310687532891,1.92356883004331,0.0499209854273754,2.10216728899802,0.0831881563477921
"158",1628836728.60995,-1562.2904579686,1,1.53241959279391,2.02188601729295,1.13620760824866,-1,-0.0153382090448501,1.27754030171326,0.999999617396372,1,1.73155379487139,NA,NA,NA,NA,NA,NA,NA,NA,NA,NA,2.34102186927299,0.122838176324568,2.05293632619973,0.0564983962210187,2.29758985759433,0.111235956744272
"159",1628837031.34108,-1535.15694275037,1,2.47384732545666,1.97752673994265,1.05795606539427,-1,-0.0462340605054827,2.66527915276003,0.926394127115112,1,1.75307418470079,1.47880878942895,0.35238459412357,0.112897644330479,NA,1.67323360397351,2.23271117778984,0.138027054522676,NA,0.164285144162553,5.560983,2.17798577840854,0.101037421154771,1.96040276905325,0.0523554050959929,2.14244558334397,0.0975493473074997
"160",1628837466.75561,-1471.76328845801,1,1.50855981926174,2.06838397925147,0.825958133796918,-1,-0.165554613082591,1.06294240217382,0.999847237951387,1,2.1037758400377,0.209890619932342,0.138930449782493,0.1063777002192,NA,0.0657174359283017,0.46625387985184,0.00354921805216067,NA,0.171035273505549,-3.507594,2.09322236457493,0.0856069150638045,1.94362219837691,0.0495591329361158,2.02647420480677,0.0885775845977785
"161",1628837894.67702,-1510.77117851279,1,1.6413417040489,2.18011827302576,1.3812466180849,-1,0.0123777511925863,1.38489399920538,0.999999710466481,1,2.03676779958934,NA,NA,NA,NA,NA,NA,NA,NA,NA,NA,2.37702452787686,0.128347842884095,2.05625249683347,0.0558988091203533,2.2631263488096,0.109776048736044
"162",1628838290.04573,-1486.66597937735,1,1.60766377037545,1.97390558382928,1.06589089087516,-1,0.0349202684533784,1.29103936313902,0.999999539769361,1,2.05497519200048,NA,NA,NA,NA,NA,NA,NA,NA,NA,NA,2.10580317490749,0.0973703637710624,2.01556110198597,0.0570121329222531,2.04538045020637,0.0921964840553194
"163",1628838595.67625,-1515.9664096032,1,1.54463327358605,2.03130456022561,1.18475566472681,-1,0.053603920807237,1.29551191188258,0.999999550066636,1,1.97310421856044,NA,NA,NA,NA,NA,NA,NA,NA,NA,NA,2.16766717571451,0.101144288508541,2.0697069551102,0.0576669148381913,2.09003829540353,0.105952237272518
"164",1628838923.23971,-1473.68458004015,1,2.61090422207464,2.00977731885049,1.21243475017061,-1,-0.0899460515474557,2.65868014786085,0.99999945332578,1,1.90448605544007,NA,NA,NA,NA,NA,NA,NA,NA,NA,-1.242117,2.22398157181985,0.110106728997773,1.9854417990605,0.0535906324082991,2.2857008931174,0.105527956310178
"165",1628839360.73986,-1484.52262525935,1,2.49823286882515,2.22307898187084,0.990375053260647,-1,-0.0922290577306369,2.76992455795435,0.709972634594352,1,1.95796493948204,1.5890429458127,0.154165289517022,0.110875168300281,NA,0.114153193470492,2.4714444851576,0.0672101703743552,NA,0.184878890701698,-0.048481,2.26393601939007,0.10740628146153,2.04666635674292,0.0587179829339362,2.19619309957627,0.104618716837338
"166",1628839684.3925,-1501.41578322778,1,1.57400677127771,1.98706438582389,1.16707866590432,-1,0.0608031736602615,1.34530244219278,0.999999639496878,1,2.08226523162072,NA,NA,NA,NA,NA,NA,NA,NA,NA,NA,2.07917601514682,0.0941426163491568,1.93856577721247,0.0530603679261416,2.05746409335629,0.0969028739178445
"167",1628839973.22869,-1510.36427802004,1,1.48541758032631,2.02817159192661,1.01543646976468,-1,0.0419617020593,1.31437805169598,0.999999703568994,1,2.21223041587995,NA,NA,NA,NA,NA,NA,NA,NA,NA,NA,2.11406558909904,0.0899560609206649,1.96882717846605,0.0513922094388072,2.03264160494491,0.0891478182306084
"168",1628840300.04496,-1496.54347982159,1,1.59704650957489,2.04130452133346,1.23362147595886,-1,0.0142710626820348,1.30330920299706,0.999999678474868,1,2.24644376585348,NA,NA,NA,NA,NA,NA,NA,NA,NA,NA,2.14271372176907,0.0963123739897981,2.0236984982382,0.0570291470160232,2.071592271604,0.0941031557834491
"169",1628840596.98066,-1493.01256956767,1,1.86966047447914,1.84709627090319,0.878620181871936,-1,-0.0464306774986555,1.71031787280783,0.991111510841336,1,2.15317733171918,0.347307390412843,0.129219833662657,0.101842546682508,NA,0.137582095508262,0.624849302992536,0.0160640284827802,NA,0.194508726873398,-1.473814,1.93037740541416,0.0774164221817896,1.91938111670987,0.0511431669889262,1.91202069654439,0.0810617698348627
"170",1628840953.5284,-1522.39060853303,1,2.85899319809816,1.98014681914698,1.29147507746375,-1,-0.0706259963685661,3.41353147994485,0.941191708359805,1,1.88633458389459,0.770542749229917,0.128857425215331,0.134949593797005,NA,0.0680639226028431,1.15045936992957,0.0499526768468386,NA,0.172544221420864,-0.125953,2.23958546606492,0.111543314771721,2.02596606488201,0.0526452249133941,2.20599504367111,0.107271344716347
"171",1628841381.8533,-1483.66302270038,1,2.33772706998461,1.98460782872275,1.08488294545721,-1,0.0443743811184913,2.57670017886294,0.998633554212895,1,2.03965094026789,1.11135286436613,0.13485232152581,0.131965981821232,NA,0.790647309070531,1.76276073454687,0.016463775243607,NA,0.192820082042242,7.332564,2.17389357093943,0.100268327232449,1.94633599651038,0.0493692967538813,2.1784687080031,0.103672909030696
"172",1628841772.2712,-1473.3468326356,1,1.9224180471027,2.05384823204133,0.882369198868418,-1,0.01509433546193,1.96846523311299,0.999632419511861,1,2.19732894446887,0.427651638017091,0.13940978591275,0.102255813025452,NA,0.0153654086186805,0.765340167174653,0.0155232449589063,NA,0.211086193045171,-1.223726,2.23729207943755,0.097731053328829,2.06805283921887,0.0581532279473651,2.15954873714647,0.102481778204037
"173",1628842205.85403,-1491.40071399256,1,2.18405994838599,2.14736749284633,0.995140183109929,-1,-0.09005067246001,2.30370530620359,0.935308172948063,1,1.78292719837032,0.92174736013236,0.15387494633752,0.129736596766942,NA,0.0894051373753393,1.4919284961912,0.162542598467337,NA,0.16955985333557,-0.181195,2.28716738332583,0.110579453693832,2.00542611531802,0.0537174419951974,2.25467396045847,0.10371347087908
"174",1628842542.70853,-1524.96936380209,1,1.53915387394872,2.02141161467336,1.06644264833862,-1,0.0313387003004244,1.33633339063862,0.999999641922522,1,2.09521191718133,NA,NA,NA,NA,NA,NA,NA,NA,NA,NA,2.11795851388111,0.0949867910332615,2.02121865734598,0.0533633656823545,2.07034253847063,0.091790369428955
"175",1628842831.94748,-1499.77095404455,1,2.08568128429239,1.98808004277858,0.947181047913338,-1,-0.0993688721754872,2.09704341473674,0.978274693019328,1,1.86508168237016,0.374864985959786,0.123265965677659,0.100533336048524,NA,0.108018684273823,0.625229006182904,0.043256866235155,NA,0.153411590605253,-0.91932,2.16338095639035,0.103384673707614,2.03932913536627,0.0561234670552138,2.13373451810704,0.102071171964805
"176",1628843206.32208,-1479.5952188894,1,1.66090458272351,2.26817829528212,0.975324339544169,-1,0.00195974450212586,1.25391278519012,0.9999995597521,1,1.91796119915524,NA,NA,NA,NA,NA,NA,NA,NA,NA,NA,2.32706351288845,0.114317801440997,2.01061049746039,0.0555036962812729,2.33512196235614,0.106471542503178
"177",1628843547.35305,-1492.00179688822,1,2.70722650018634,1.72050859149156,0.94504777006908,-1,-0.0231667424877846,3.04399616808272,0.999999325447062,1,2.21249961348861,NA,NA,NA,NA,NA,NA,NA,NA,NA,NA,1.9124894038549,0.0760613532574399,1.89743029954136,0.049480115740013,1.85677503201054,0.0745217169522233
"178",1628843950.25691,-1497.48192505113,1,1.79700233738949,2.08408129722081,1.04012387276392,-1,-0.0476482848907385,1.98500709757978,0.975930768313938,1,2.1091064207833,0.35007561930365,0.143176433954084,0.121728026656898,NA,0.132690428600918,0.653832740208472,0.0173023822238156,NA,0.188146128631722,-1.723713,2.2572044352934,0.103310829780126,2.03919599745537,0.0596858389339512,2.15738751104859,0.096343930885522
"179",1628844337.33868,-1491.09894925429,1,1.62856078339241,1.99731475893904,0.922510093772585,-1,-0.065806917711887,1.30058100389135,0.999999962572061,1,1.96150394649525,NA,NA,NA,NA,NA,NA,NA,NA,NA,NA,2.06247651404464,0.0933347942072573,1.99650157807302,0.0562821557174319,2.04004468647826,0.105440289164794
"180",1628844658.15759,-1458.51297529063,1,1.77611902955406,1.93500165703925,0.855573140022053,-1,-0.0749707802630143,1.25242512415094,0.999999718114169,1,2.05253352263991,NA,NA,NA,NA,NA,NA,NA,NA,NA,NA,2.14695162231263,0.0977145867799805,2.0036667647055,0.0516892235323016,2.08949648509709,0.0939349336041814
"181",1628844995.30534,-1460.81478263241,1,2.00002316133625,2.12955019832179,1.00502059014642,-1,0.0262127973881499,1.79254657784506,0.989035302939686,1,1.996397836652,0.458609553466484,0.136847571871356,0.10990318622187,NA,0.0437662507496484,0.773098745896218,0.0735742462002481,NA,0.188898099228442,-0.791945,2.22564547353419,0.104728576107467,2.05722250626978,0.0583608796524044,2.21038645092371,0.103708137984412
"182",1628845386.30695,-1516.59466164236,1,2.09607245235684,2.2704051471808,0.918008163305825,-1,0.0293846089833308,2.26345079907582,0.834469569233159,1,1.6731592153159,0.814899314158104,0.174544712754713,0.133345205149819,NA,0.0890088729538325,1.39461320705855,0.100439534620741,NA,0.146189898013619,-0.138538,2.35115549767457,0.114657689478661,2.08760309437769,0.0606675279790248,2.32615871844659,0.119628921072475
"183",1628845825.01213,-1502.29000627996,1,1.70359061543847,2.04793148153239,1.00977823661532,-1,-0.0117872309056726,1.40535237402398,0.999999713550012,1,1.88137688073165,NA,NA,NA,NA,NA,NA,NA,NA,NA,NA,2.12943153897391,0.100173276747699,1.98150568495153,0.055686069911251,2.16634170481312,0.106359803448948
"184",1628846141.1231,-1512.8289355316,1,2.05460470003092,2.02081088095694,1.18832806012476,-1,0.163133800786929,2.25984314472154,0.982603414810384,1,2.27011484249437,0.337238609136823,0.12760394895073,0.12007216990534,NA,0.097316053261498,0.584793368112289,0.00879175808953113,NA,0.241747501049203,-1.429077,2.17501830949987,0.101008907729475,2.00301218203565,0.0509563200612337,2.14446360687857,0.0990530869310453
"185",1628846542.74612,-1507.78828614258,1,1.67029425749297,1.99711153243033,1.0065519555484,-1,0.119236958412677,1.28075677100892,0.999999625656592,1,1.73990556719689,NA,NA,NA,NA,NA,NA,NA,NA,NA,NA,2.21567045919268,0.110758981035402,2.069886023277,0.0590620748737742,2.17879664999664,0.108803489451914
"186",1628846894.79521,-1474.33975424763,1,1.61116789969477,2.02615587637798,0.993920506181358,-1,-0.0811661723940805,1.29906531612763,0.999999393679002,1,2.09497941242789,NA,NA,NA,NA,NA,NA,NA,NA,NA,NA,2.09693053311239,0.091965976015114,1.93803697772256,0.0502274398195168,2.05902800870707,0.101213346838374
"187",1628847237.68903,-1513.80929154822,1,2.00619018311431,2.11281038801509,1.2283730692624,-1,0.121464040749686,2.04859813397619,0.991777760258439,1,2.02495428427752,0.467253620781402,0.157446830688514,0.148905645305373,NA,0.105732757440959,0.821362795630086,0.0245581268025514,NA,0.188630764884422,-0.994167,2.18604477002813,0.095681066351814,2.02880479177612,0.0528901846441612,2.14274030732197,0.098340205646334
"188",1628847580.93194,-1485.40646219659,1,1.77987102939014,2.06892997751642,0.790260806079604,-1,-0.0502655132936339,1.3936047737093,0.726875048525972,1,2.1376316787062,0.773713806888938,0.14154155782411,0.0985775932883353,NA,0.0722568425469761,1.43653866759784,0.432291588816033,NA,0.203063856454232,0.197907,2.0454668397213,0.0825460202632456,1.96523936273802,0.0482469680186943,2.00444386834326,0.0798510611354658
"189",1628847948.77121,-1416.36543848017,1,1.67244466725684,2.13755196517238,0.738266938381149,-1,0.0688605585503297,1.29794375972406,0.812443378749992,1,2.65775593982969,0.312343279066185,0.119500823675264,0.0958112709056016,NA,0.0673593275718924,0.609738017156752,0.0886458565132144,NA,0.260874971527662,-1.595999,2.1504279788362,0.0852031472754475,1.95998569355177,0.0507942485587983,2.14801505040181,0.0816279407991002
"190",1628848348.79093,-1458.70105495364,1,1.50781442011576,2.22806671001033,0.952019483635241,-1,-0.0408496551763031,0.824246677688999,0.98730398750251,1,2.35036459438107,0.151403338372212,0.145532987057942,0.0974946346915235,NA,0.0636037708640604,0.356698678802295,0.0143562644081695,NA,0.213648672614578,-4.882419,2.14074307719798,0.0911691882516404,1.92622096934112,0.0494755476596081,1.99298425895393,0.090243321546134
"191",1628848720.93217,-1531.52516144961,1,1.44939628805947,1.96125698110298,0.91837307382276,-1,0.0560094869412538,1.33827410028349,0.999999614272052,1,2.06305538904451,NA,NA,NA,NA,NA,NA,NA,NA,NA,NA,2.07927788404827,0.0880941009929668,1.97620076049011,0.0553203629841139,2.04282619607985,0.0877135783520173
"192",1628849043.27214,-1510.24110077687,1,1.57682693871762,2.11726902040196,1.0482100567795,-1,0.0841386807338772,1.25232333247342,0.999999622022438,1,1.94756760343259,NA,NA,NA,NA,NA,NA,NA,NA,NA,NA,2.23174055183532,0.102119834380461,2.06265352509646,0.0543251605475323,2.24785524620994,0.109933295184652
"193",1628849388.74039,-1514.0179661829,1,1.58928152748628,2.06017210870165,1.00837266713384,-1,0.00279858329597804,1.30829022739174,0.999998494954778,1,1.9447639547179,NA,NA,NA,NA,NA,NA,NA,NA,NA,NA,2.1839595403774,0.101959405467204,2.09831569923088,0.0567915134746983,2.26004555244057,0.106056475385438
"194",1628849791.29396,-1495.03889418091,1,3.37912162116324,1.77894006506628,1.03196005439018,-1,0.269225524770479,3.90458007763995,0.921238220324479,1,2.29495349750555,15.4674929272332,0.221848147847407,0.11860504322378,NA,1.26948337811209,21.6457388894229,0.647126874904355,NA,0.292489182895482,-0.003677,1.94964617816462,0.0821598033066366,1.90059591407131,0.0497426412316613,1.93582016724943,0.0765529134634109
"195",1628850277.81182,-1495.0344661895,1,2.19362596519201,2.17965866750355,0.917832204380032,-1,-0.0605663488410743,2.19898798390181,0.760609791638476,1,1.86483670264388,0.69934823303944,0.146061536825469,0.119766210367656,NA,0.088258917247052,1.1107603220798,0.116495489332809,NA,0.173448232472149,-0.159196,2.22952160457828,0.100403233080942,2.03131505744649,0.0551441122651842,2.17694236483396,0.0970139290389101
"196",1628850564.77179,-1506.89348429431,1,1.66085609172392,2.25453770037792,1.0017924425966,-1,0.071442405105258,1.50930733192593,0.9105425246738,1,1.90464792295181,0.364581024981793,0.16180479938589,0.118100455706454,NA,0.0648628372554886,0.732171394480302,0.203187501202019,NA,0.182971945668622,-0.399651,2.2399465994492,0.105630599888856,2.03907341599194,0.0553085478245508,2.16737663167566,0.115164074418244
"197",1628850936.9167,-1496.07432116264,1,4.74990716701447,2.05156548821506,1.18966891253496,-1,0.0857492053095481,6.15449056448429,0.838497526366123,1,1.99276257412991,2.09739710642483,0.135405048787434,0.121802638422153,NA,0.202796741237646,2.9629696144425,0.0624366935029729,NA,0.181702581503108,-0.006898,2.18244290120799,0.106346703950873,2.00876095266489,0.0587010791895005,2.18729353475963,0.102841995802291
"198",1628851342.85337,-1475.52426796643,1,1.68269923100038,2.0452013310514,0.935193467344906,-1,-0.0591768373189578,1.28193220816171,0.999999542667639,1,2.18248181548737,NA,NA,NA,NA,NA,NA,NA,NA,NA,NA,2.08608465067442,0.0867268297051946,1.90215283019403,0.0457600166618264,2.08753968979117,0.0921678797833097
"199",1628851659.46574,-1500.60750137902,1,4.35958224391599,1.88677328504237,1.18884842684159,-1,-0.118393399262689,5.48134057139173,0.895922662317665,1,2.05235808240119,1.61138233113538,0.123617842981068,0.12982903898746,NA,0.180533598073322,2.1852243378844,0.0869971301451486,NA,0.210931771236457,-0.007798,2.13036942850457,0.093859867706449,1.99183588825192,0.0502946324042927,2.14435399647365,0.103754267696973
"200",1628852073.56038,-1524.26988655305,1,1.58216570500288,1.95018683177303,1.00879484487984,-1,0.0638722532289765,1.22474469601166,0.999999562391387,1,1.69664886647861,NA,NA,NA,NA,NA,NA,NA,NA,NA,NA,2.22379383125314,0.0947564495085532,2.02070055608035,0.0557570244523319,2.18992383280731,0.102362181650207
